Mountain Bike, 599.99, mountain_bike.jpg, sports, outdoors, cycling, adventure, mountain, gear, recreation, fitness
Leather Jacket, 129.99, leather_jacket.jpg, fashion, clothing, stylish, outerwear, trendy, men, women, casual
Smart Watch, 199.99, smart_watch.jpg, technology, gadgets, fitness, health, wearables, smart, lifestyle, accessories
Coffee Maker, 49.99, coffee_maker.jpg, kitchen, appliances, coffee, brewing, morning, home, drink, convenience
Yoga Mat, 29.99, yoga_mat.jpg, fitness, exercise, yoga, health, workout, relaxation, wellness, balance
Running Shoes, 89.99, running_shoes.jpg, sports, athletics, running, sneakers, fitness, exercise, outdoor, performance
Wireless Headphones, 149.99, wireless_headphones.jpg, technology, audio, music, wireless, headphones, gadgets, convenience, travel
Backpack, 79.99, backpack.jpg, travel, outdoors, hiking, camping, adventure, backpacking, gear, storage
Digital Camera, 399.99, digital_camera.jpg, photography, technology, gadgets, travel, memories, capture, images, memories
Laptop, 999.99, laptop.jpg, technology, computing, laptop, work, study, productivity, portable, performance
Blender, 39.99, blender.jpg, kitchen, appliances, smoothies, blending, health, convenience, cooking, drinks
Dumbbell Set, 59.99, dumbbell_set.jpg, fitness, exercise, strength, workout, home_gym, weights, training, muscle
Sunglasses, 49.99, sunglasses.jpg, fashion, accessories, eyewear, stylish, sun_protection, summer, trend, UV_protection
Portable Charger, 29.99, portable_charger.jpg, technology, gadgets, travel, charging, power, convenience, mobile, devices
Wireless Mouse, 19.99, wireless_mouse.jpg, technology, computing, accessories, wireless, mouse, productivity, convenience, work
Treadmill, 799.99, treadmill.jpg, fitness, exercise, cardio, workout, home_gym, running, training, endurance
Electric Toothbrush, 79.99, electric_toothbrush.jpg, hygiene, health, dental_care, oral_care, teeth, brushing, convenience, electric
Instant Pot, 129.99, instant_pot.jpg, kitchen, appliances, cooking, convenience, pressure_cooker, multi-cooker, meals, recipes
Backpacking Tent, 129.99, backpacking_tent.jpg, camping, outdoors, hiking, adventure, shelter, lightweight, portable, travel
Wireless Speaker, 99.99, wireless_speaker.jpg, technology, audio, music, wireless, speaker, gadgets, convenience, entertainment
Air Fryer, 79.99, air_fryer.jpg, kitchen, appliances, cooking, healthy_eating, frying, convenience, meals, recipes
Fitness Tracker, 69.99, fitness_tracker.jpg, fitness, health, technology, wearables, tracking, exercise, lifestyle, activity
Hiking Boots, 129.99, hiking_boots.jpg, outdoors, hiking, camping, footwear, adventure, rugged, durable, comfort
Smartphone, 699.99, smartphone.jpg, technology, gadgets, communication, mobile, devices, apps, connectivity, camera
Resistance Bands, 19.99, resistance_bands.jpg, fitness, exercise, strength, workout, home_gym, training, mobility, flexibility
Rain Jacket, 89.99, rain_jacket.jpg, fashion, outdoors, rainwear, waterproof, outerwear, weather, protection, hiking
Wireless Keyboard, 49.99, wireless_keyboard.jpg, technology, computing, accessories, wireless, keyboard, productivity, convenience, work
Cookware Set, 129.99, cookware_set.jpg, kitchen, appliances, cooking, pots_and_pans, culinary, convenience, meals, recipes
Hammock, 59.99, hammock.jpg, outdoors, camping, relaxation, hammocking, adventure, portable, travel, leisure
GPS Watch, 249.99, gps_watch.jpg, technology, gadgets, fitness, navigation, outdoor, tracking, running, adventure
Espresso Machine, 199.99, espresso_machine.jpg, kitchen, appliances, coffee, espresso, brewing, barista, cafe, home
Sleeping Bag, 69.99, sleeping_bag.jpg, camping, outdoors, sleeping, insulation, comfort, adventure, travel, camping_gear
Gaming Console, 399.99, gaming_console.jpg, technology, gaming, entertainment, console, video_games, gaming_community, immersive, fun
Backpacking Stove, 39.99, backpacking_stove.jpg, camping, outdoors, hiking, cooking, portable, lightweight, adventure, travel
Fitness DVDs, 19.99, fitness_dvds.jpg, fitness, exercise, workout, home_gym, training, health, lifestyle, convenience
Snowboard, 249.99, snowboard.jpg, sports, outdoors, snowboarding, winter, adventure, snow, recreation, extreme
Portable Water Filter, 29.99, portable_water_filter.jpg, outdoors, camping, hiking, travel, survival, filtration, purification, adventure
Electric Kettle, 29.99, electric_kettle.jpg, kitchen, appliances, boiling, water, convenience, tea, coffee, hot_drinks
Climbing Harness, 79.99, climbing_harness.jpg, sports, outdoors, climbing, safety, harness, adventure, rock_climbing, equipment
Wireless Earbuds, 99.99, wireless_earbuds.jpg, technology, audio, music, wireless, earbuds, gadgets, convenience, travel
Cycling Helmet, 49.99, cycling_helmet.jpg, sports, outdoors, cycling, safety, helmet, biking, protection, gear
Portable Grill, 69.99, portable_grill.jpg, outdoors, camping, cooking, grilling, portable, barbecue, convenience, travel
Yoga Blocks, 14.99, yoga_blocks.jpg, fitness, exercise, yoga, stretching, flexibility, balance, workout, wellness
DSLR Camera, 799.99, dslr_camera.jpg, photography, technology, gadgets, professional, imaging, capture, memories, lenses
Tablet, 299.99, tablet.jpg, technology, computing, portable, tablet, entertainment, productivity, browsing, apps
Trekking Poles, 49.99, trekking_poles.jpg, outdoors, hiking, trekking, walking, stability, adventure, travel, gear
Hand Mixer, 24.99, hand_mixer.jpg, kitchen, appliances, mixing, baking, cooking, convenience, handheld, appliances
Camp Stove, 49.99, camp_stove.jpg, outdoors, camping, cooking, portable, lightweight, adventure, travel, cheap
Fitness Ball, 19.99, fitness_ball.jpg, fitness, exercise, stability, workout, core, balance, strength, flexibility
Laptop Backpack, 49.99, laptop_backpack.jpg, travel, technology, accessories, backpack, laptop, convenience, work, school
Slow Cooker, 59.99, slow_cooker.jpg, kitchen, appliances, cooking, convenience, meals, recipes, crockpot, slow-cooking
Ski Goggles, 39.99, ski_goggles.jpg, sports, outdoors, skiing, snowboarding, winter, goggles, eye_protection, snow
Resistance Loop Bands, 14.99, resistance_loop_bands.jpg, fitness, exercise, strength, workout, home_gym, training, mobility, flexibility
Electric Razor, 79.99, electric_razor.jpg, grooming, personal_care, shaving, electric, razor, convenience, grooming_tools, men
Water Bottle, 14.99, water_bottle.jpg, fitness, outdoors, hydration, sports, water, bottle, hiking, travel, reusable
Food Processor, 79.99, food_processor.jpg, kitchen, appliances, food_preparation, chopping, blending, convenience, cooking, recipes
Snow Boots, 89.99, snow_boots.jpg, fashion, outdoors, winter, boots, snow, warmth, footwear, stylish
Drone, 299.99, drone.jpg, technology, gadgets, photography, aerial, video, drone, remote_control, entertainment
Multi-Tool, 29.99, multi_tool.jpg, outdoors, camping, hiking, tools, utility, versatile, survival, adventure
Bluetooth Speaker, 59.99, bluetooth_speaker.jpg, technology, audio, music, wireless, speaker, portable, gadgets, entertainment
Air Purifier, 99.99, air_purifier.jpg, home, appliances, air_quality, purification, health, clean_air, allergies, dust
Beach Towel, 19.99, beach_towel.jpg, fashion, outdoors, beachwear, summer, towel, beach, travel, relaxation
Foam Roller, 19.99, foam_roller.jpg, fitness, exercise, recovery, stretching, muscle, massage, flexibility, mobility
Gaming Mouse, 39.99, gaming_mouse.jpg, technology, gaming, accessories, mouse, precision, gaming_community, PC_gaming, cheap
Camping Lantern, 24.99, camping_lantern.jpg, outdoors, camping, lighting, lantern, portable, adventure, travel, camping_gear
Waterproof Jacket, 99.99, waterproof_jacket.jpg, fashion, outdoors, rainwear, waterproof, outerwear, weather, protection, hiking
Portable Espresso Maker, 49.99, portable_espresso_maker.jpg, travel, kitchen, coffee, espresso, brewing, portable, convenience, on-the-go
Jump Rope, 9.99, jump_rope.jpg, fitness, exercise, cardio, workout, training, agility, endurance, speed
Solar Charger, 39.99, solar_charger.jpg, technology, gadgets, travel, charging, solar_power, eco-friendly, portable, devices
Yoga Pants, 34.99, yoga_pants.jpg, fashion, fitness, yoga, activewear, leggings, women, workout, comfort
Backpacking Backpack, 99.99, backpacking_backpack.jpg, travel, outdoors, hiking, backpack, adventure, camping, gear, storage
Fitness Gloves, 19.99, fitness_gloves.jpg, fitness, exercise, gloves, workout, protection, grip, weightlifting, training
Portable Blender, 29.99, portable_blender.jpg, kitchen, appliances, blending, smoothies, portable, convenience, travel, health
Camping Cookware Set, 59.99, camping_cookware_set.jpg, outdoors, camping, cooking, pots_and_pans, lightweight, portable, adventure, travel
Foam Mattress, 99.99, foam_mattress.jpg, home, furniture, mattress, bedding, comfort, sleep, relaxation, memory_foam
Virtual Reality Headset, 199.99, virtual_reality_headset.jpg, technology, gaming, entertainment, VR, virtual_reality, immersive, gaming_experience, gadgets
Bicycle Lock, 19.99, bicycle_lock.jpg, sports, outdoors, cycling, security, lock, bike, safety, protection
Portable Fan, 19.99, portable_fan.jpg, home, appliances, cooling, portable, fan, summer, air_circulation, travel
Winter Gloves, 24.99, winter_gloves.jpg, fashion, outdoors, winter, gloves, warmth, cold_weather, snow, stylish
Cooking Utensil Set, 24.99, cooking_utensil_set.jpg, kitchen, appliances, cooking, utensils, culinary, convenience, meals, recipes
Bluetooth Earbuds, 49.99, bluetooth_earbuds.jpg, technology, audio, music, wireless, earbuds, gadgets, convenience, travel
Bike Helmet, 39.99, bike_helmet.jpg, sports, outdoors, cycling, safety, helmet, biking, protection, gear
Camping Hammock, 29.99, camping_hammock.jpg, outdoors, camping, relaxation, hammocking, adventure, portable, travel, leisure
Fitness Tracker Watch, 59.99, fitness_tracker_watch.jpg, fitness, health, technology, wearables, tracking, exercise, lifestyle, activity
Backpacking Tent, 149.99, backpacking_tent.jpg, camping, outdoors, hiking, adventure, shelter, lightweight, portable, travel
Wireless Charging Pad, 29.99, wireless_charging_pad.jpg, technology, gadgets, charging, wireless, convenience, devices, smartphones, accessories
Bluetooth Headphones, 79.99, bluetooth_headphones.jpg, technology, audio, music, wireless, headphones, gadgets, convenience, travel
Portable Solar Panel, 49.99, portable_solar_panel.jpg, technology, gadgets, travel, solar_power, eco-friendly, portable, devices, electronic
Yoga Mat Bag, 19.99, yoga_mat_bag.jpg, fitness, yoga, accessories, bag, yoga_mat, convenience, travel, storage
Handheld Vacuum Cleaner, 39.99, handheld_vacuum_cleaner.jpg, home, appliances, cleaning, vacuum, handheld, convenience, portable, small_spaces
Resistance Bands Set, 29.99, resistance_bands_set.jpg, fitness, exercise, strength, workout, home_gym, training, mobility, flexibility
Portable Camping Shower, 29.99, portable_camping_shower.jpg, outdoors, camping, hygiene, shower, portable, convenience, travel, adventure
Bluetooth Speaker, 39.99, bluetooth_speaker.jpg, technology, audio, music, wireless, speaker, portable, gadgets, entertainment
Yoga Block, 9.99, yoga_block.jpg, fitness, exercise, yoga, stretching, flexibility, balance, workout, wellness
Portable Solar Charger, 49.99, portable_solar_charger.jpg, technology, gadgets, travel, solar_power, eco-friendly, portable, devices, electronic
Camping Lantern, 24.99, camping_lantern.jpg, outdoors, camping, lighting, lantern, portable, adventure, travel, camping_gear
Waterproof Jacket, 99.99, waterproof_jacket.jpg, fashion, outdoors, rainwear, waterproof, outerwear, weather, protection, hiking
Portable Espresso Maker, 49.99, portable_espresso_maker.jpg, travel, kitchen, coffee, espresso, brewing, portable, convenience, on-the-go
Jump Rope, 9.99, jump_rope.jpg, fitness, exercise, cardio, workout, training, agility, endurance, speed
Solar Charger, 39.99, solar_charger.jpg, technology, gadgets, travel, charging, solar_power, eco-friendly, portable, devices